Fralda Pampers RN+ (36 unidades);1.jpg;00020126530014br.gov.bcb.pix0111085215684790216Fralda Pampers P520400005303986540572.995802BR5925JULIANA RODRIGUES FERNAND6008PAULISTA62180514FraldaPampersP6304D708;54,90
Fralda Pampers P (72 unidades);2.jpg;00020126620014br.gov.bcb.pix0111085215684790225Fralda Pampers M (90unid)520400005303986540597.995802BR5925JULIANA RODRIGUES FERNAND6008PAULISTA62290525JkErcxG54ieuwfYVq2L9BLz2g63043380;74,90
Fralda Pampers G (80 unidades);3.jpg;00020126630014br.gov.bcb.pix0111085215684790226Fralda Pampers M (122unid)5204000053039865406154.995802BR5925JULIANA RODRIGUES FERNAND6008PAULISTA62290525b5uT6aiXL0aAJ59ilSqV6QG8s6304BE41;97,99
Fralda Pampers M (112 unidades);4.jpg;00020126670014br.gov.bcb.pix0111085215684790230Fralda Pampers G (72 unidades)5204000053039865406124.995802BR5925JULIANA RODRIGUES FERNAND6008PAULISTA62290525evNekvg17P52hlKRkTisFhXIE6304C75E;128,60
Fralda Pampers G (128 unidades);5.jpg;00020126670014br.gov.bcb.pix0111085215684790230Fralda Pampers G (94 unidades)5204000053039865406154.995802BR5925JULIANA RODRIGUES FERNAND6008PAULISTA62290525lcy0pCts0Q0ivk8hFBxL47DgB6304657C;156,90
Fralda Pampers M (148 unidades);6.jpg;00020126670014br.gov.bcb.pix0111085215684790230Fralda Pampers G (94 unidades)5204000053039865406154.995802BR5925JULIANA RODRIGUES FERNAND6008PAULISTA62290525lcy0pCts0Q0ivk8hFBxL47DgB6304657C;203,90
