Fralda Pampers RN+ (36 unidades);1.jpg;00020126600014br.gov.bcb.pix0111085215684790223Fralda RN - 36 unidades520400005303986540554.905802BR5925JULIANA RODRIGUES FERNAND6008PAULISTA622905257UE9qvRC87sCEhVqHsQ6Wz2Vx6304C2F6;54,90
Fralda Pampers P (72 unidades);2.jpg;00020126590014br.gov.bcb.pix0111085215684790222Fralda P - 72 unidades520400005303986540574.905802BR5925JULIANA RODRIGUES FERNAND6008PAULISTA62290525l3D0a176QPl5n7YIVLeq4of1O63047E89;74,90
Fralda Pampers G (80 unidades);3.jpg;00020126590014br.gov.bcb.pix0111085215684790222Fralda G - 80 unidades520400005303986540597.995802BR5925JULIANA RODRIGUES FERNAND6008PAULISTA62290525rW6iqrClN1skKAMloQYSGqwVT63042674;97,99
Fralda Pampers M (112 unidades);4.jpg;00020126600014br.gov.bcb.pix0111085215684790223Fralda M - 112 unidades5204000053039865406128.605802BR5925JULIANA RODRIGUES FERNAND6008PAULISTA62290525ShZfLEA97NnTYPLkAjnv6us2k63046C2C;128,60
Fralda Pampers G (128 unidades);5.jpg;00020126600014br.gov.bcb.pix0111085215684790223Fralda G - 128 unidades5204000053039865406156.905802BR5925JULIANA RODRIGUES FERNAND6008PAULISTA62290525TkAv4nXj1XgV91TOG5DiVYgHG6304FAE1;156,90
Fralda Pampers M (148 unidades);6.jpg;00020126600014br.gov.bcb.pix0111085215684790223Fralda M - 148 unidades5204000053039865406203.905802BR5925JULIANA RODRIGUES FERNAND6008PAULISTA62290525c059q7G9BxEKEb8yoLWz32Nnb630401D2;203,90
